<?xml version="1.0" encoding="windows-1252" ?>
<adfc-config xmlns="http://xmlns.oracle.com/adf/controller" version="1.2">
  <task-flow-definition id="state-persistance-btf">
    <default-activity>start</default-activity>
    <data-control-scope>
      <shared/>
    </data-control-scope>
    <managed-bean id="__1">
      <managed-bean-name>statePersistanceBean</managed-bean-name>
      <managed-bean-class>com.statepersistance.managedbeans.StatePersistanceBean</managed-bean-class>
      <managed-bean-scope>pageFlow</managed-bean-scope>
    </managed-bean>
    <method-call id="start">
      <method>#{pageFlowScope.statePersistanceBean.start}</method>
      <outcome>
        <to-string/>
      </outcome>
    </method-call>
    <view id="view1">
      <page>/view1.jsff</page>
    </view>
    <view id="view2">
      <page>/view2.jsff</page>
    </view>
    <url-view id="urlView1">
      <url>#{pageFlowScope.statePersistanceBean.url}</url>
    </url-view>
    <control-flow-rule id="__2">
      <from-activity-id>start</from-activity-id>
      <control-flow-case id="__3">
        <from-outcome>gotoView1</from-outcome>
        <to-activity-id>view1</to-activity-id>
      </control-flow-case>
    </control-flow-rule>
    <control-flow-rule id="__4">
      <from-activity-id>view1</from-activity-id>
      <control-flow-case id="__5">
        <from-outcome>gotoView2</from-outcome>
        <to-activity-id>view2</to-activity-id>
      </control-flow-case>
    </control-flow-rule>
    <control-flow-rule id="__6">
      <from-activity-id>view2</from-activity-id>
      <control-flow-case id="__7">
        <from-outcome>gotoView1</from-outcome>
        <to-activity-id>view1</to-activity-id>
      </control-flow-case>
      <control-flow-case id="__8">
        <from-outcome>redirect</from-outcome>
        <to-activity-id>urlView1</to-activity-id>
      </control-flow-case>
    </control-flow-rule>
    <use-page-fragments/>
  </task-flow-definition>
</adfc-config>
